x	y	y_pred	rt_error
LVINGNPITIFQERDPSK	81.7133582222222	51.19786	30.5154982222222
LTPRPTAAELEEVLQVNSLIQTQK	64.9516628888889	78.07924	13.127577111111094
KNPQAVLDVLEFYNSK	56.47874	66.746635	10.267894999999996
DLLPSDMAVALLEAQAGTGHIIDPATSAR	78.9121853333333	89.08270999999999	10.170524666666694
NVVHQLSVTLEDLYNGATRK	66.7372928333334	56.910740000000004	9.826552833333395
GRSTELIPR	5.62665853333334	15.223379000000001	9.59672046666666
FGSYCPTTCGIADFLSTYQTK	55.8293921111111	64.46840999999999	8.639017888888894
VNQWTTNVVEQTLSQLTK	74.84460488888891	66.31326	8.53134488888891
FISDKDASIVGFFDDSFSEAHSEFLK	78.2941797777778	69.83503	8.459149777777796
LQSLEAIEKDFLK	58.730812	50.547363	8.183449000000003
IIGALVDQAVFEELIR	78.4667945555556	86.32778	7.86098544444441
GCPAALPLSNLYETLGVVGSTTTQLYTDR	86.7130537777778	79.02382	7.689233777777801
LTTPTYGDLNHLVSATMSGVTTCLR	87.25231188888891	79.66644000000001	7.585871888888903
AVQQPDGLAVLGIFLK	79.0825146666667	71.55771	7.524804666666697
ENAPAIIFIDEIDAIATK	87.8260658333334	80.420906	7.4051598333334
RILGLLDAYLK	56.1137504444444	63.35487	7.241119555555599
RPSPGPR	13.729487555555599	6.703060000000001	7.026427555555598
ALGSAIEYTIENVFESAPNPR	79.0534086666667	72.11256999999999	6.940838666666707
EGIVTATEQEVKEDIAK	46.1203275555556	39.582972999999996	6.537354555555602
YKGESVQGALILAELLSAVK	81.9499991111111	88.35826999999999	6.408270888888893
GVVQELQQAISK	51.3872395555556	45.073357	6.313882555555601
ELLVDCYKPTEAFISGLLDKIR	79.425453	73.24259	6.1828629999999976
TTPSYVAFTDTERLIGDAAK	57.4759836666667	51.37164	6.104343666666701
CELCDVELADLGFVK	73.70178477777779	67.614525	6.087259777777788
LNVAAELVQGTVPLEVPQVKPK	60.1008945	66.06704	5.966145500000003
IISTILK	37.624458	31.696265999999998	5.928191999999999
EGGLGPLNIPLLADVTR	80.4514158333334	74.712715	5.738700833333397
HEALLYTWLAEHKPLVLCGPPGSGK	59.632122222222215	53.899353000000005	5.73276922222221
LQNLQLQPGNAKL	37.603387888888896	31.913588	5.689799888888896
AGVSVYGIVKDSEDIYNLK	60.203305444444396	54.533863000000004	5.6694424444443925
KFDLGQDVIDFTGHALALYR	75.4863266666667	69.92564	5.560686666666697
HVSIQEAESYAESVGAK	40.8251928888889	35.43224	5.3929528888889
HILGFDTGDAVLNEAAQILR	75.5551396666667	70.34331	5.211829666666702
FSTFLSLLEAADLK	79.89103044444441	85.10235	5.2113195555555905
ALSSQHQAR	0.586445133333333	5.7538184999999995	5.167373366666666
KLETAVNLAWTAGNSNTR	37.3497833333333	42.502247	5.152463666666698
VTVVFSTVFKDDDDVVIGK	62.2742468333334	57.209064	5.065182833333402
ELAVRTFEVTPIR	50.42540266666661	45.376247	5.049155666666614
AYLESEVAISEELVQK	54.0257104444444	59.022213	4.996502555555601
VHAELADVLTEAVVDSILAIKK	89.2068336666667	94.19861999999999	4.991786333333295
NVQGIIEILK	52.495167555555604	57.48446	4.989292444444395
DLLDDLKSELTGKFEK	69.5787758333334	64.66043	4.91834583333339
SLHDALCVLAQTVKDSR	55.9578858888889	51.047740000000005	4.9101458888888985
FGKPDPIVSVIFKDEK	46.45022077777779	51.32999	4.879769222222215
GAGTDEGCLIEILASR	59.3573044444444	64.21242	4.855115555555592
DLQEEVSNLYNNIR	61.99069877777779	57.162537	4.828161777777787
ASGLVPNVVVLVATVR	72.42683344444441	67.60313000000001	4.823703444444405
SADFVVEAIGDDVGTLGFSVEGPSQAK	77.2977224444444	72.487755	4.809967444444396
DLESLREYVESQLQR	65.3358156666667	60.632355000000004	4.7034606666667
NALKQETEVELYNEFPEPIK	50.455029111111095	55.15696	4.701930888888903
GDSGGPLIVHKR	12.972421	17.625021	4.6526
YGALALQEIFDGIQPK	64.2131054444444	68.853836	4.640730555555606
SLYGKDLIADLKYELTGK	65.1159893333333	60.490919999999996	4.6250693333333075
LVQLILHEYK	36.6220882222222	41.243423	4.621334777777797
GQNLLLTNLQTIQGILER	84.8884488888889	80.28669000000001	4.601758888888895
ALAPTWEQLALGLEHSETVK	65.8650324444444	61.264996	4.600036444444399
VEDMAELTCLNEASVLHNLK	57.31953022222221	61.884766000000006	4.565235777777794
FSPTDFLAK	47.1237188888889	42.561745	4.5619738888889
STAYLSPQELEDVFYQYDVK	73.8614028888889	69.32495	4.536452888888903
SNLNSLDEQEGVK	22.4057247777778	26.938951	4.533226222222201
TFEEAAAQLLESSVQNLFK	96.2487212222222	91.727165	4.521556222222202
SDLVNWFK	49.09322233333339	53.56731800000001	4.474095666666621
EDITQSAQHALR	23.2249024444444	18.765806	4.459096444444398
DLADELALVDVIEDK	77.1714554444444	81.62062	4.449164555555598
KLVEGLSALVVDVK	49.76056222222221	54.17225	4.411687777777786
DLIALANTAGEVLLHR	75.9556777777778	71.55534	4.400337777777793
KVDIEVLSVLASLGASVHK	72.1272452222222	76.47957	4.352324777777795
ALTLGALTLPLAR	66.0610852222222	61.729576	4.331509222222202
LLQPDFQPVCASQLYPR	54.325207888888905	50.025116	4.3000918888889075
NPVGYPLAWQFLR	66.9700192222222	71.265045	4.295025777777795
LDKVLALELFEQITK	73.9289256666667	78.2106	4.281674333333299
LLEVIILQCK	52.373361555555604	56.643147	4.269785444444395
TEALSVIELLLK	80.36840888888891	84.63393	4.265521111111099
NAIQLLASFLANNPFSCK	96.8061821666666	92.54615	4.260032166666605
NEFTITHVLIPK	44.33212866666661	48.579235	4.2471063333333845
IEKELEAVCQDVLSLLDNYLIK	97.01468322222219	92.80659	4.208093222222189
WLSLPLFEAFAQHVLNR	89.25206433333332	93.44086	4.188795666666678
AITVFSPDGHLFQVEYAQEAVKK	53.0113882222222	57.173559999999995	4.162171777777793
DASGITCGGIYIGGCWILTAAHCLR	74.7989316666667	70.64609499999999	4.152836666666715
ELAQQVQQVADDYGK	40.72847111111111	36.595620000000004	4.132851111111108
DDVSIYYVSR	33.218385	37.351124	4.132739000000001
TIISYIDEQFER	60.267929111111094	56.148019999999995	4.119909111111099
ILSAITQPVVVVAIVGLYR	84.4186216666667	88.53448	4.115858333333307
ITDLYTDLR	35.3018548888889	39.415863	4.114008111111104
TLTAVHDAILEDLVFPSEIVGK	74.0804855555556	78.19066	4.110174444444397
PNIVLFSGSSHQDLSQR	36.0890216666667	40.191532	4.102510333333299
THILLFLPK	45.5433144444444	49.635807	4.0924925555556015
TASNVEEAFINTAK	37.32022011111111	41.399178000000006	4.078957888888894
TDSEIYEDAVELQQFFIK	80.8089132222222	76.75796	4.050953222222205
KLGLVFDDVVGIVEIINSK	85.97626077777781	90.02008000000001	4.043819222222197
LYQEVEIASVDAFQGR	50.9213816666667	54.964819999999996	4.043438333333299
TLGDQLSLLLGAR	65.2236481111111	61.194954	4.0286941111111005
NPELQNLLLDDFFK	77.5809301111111	81.60600000000001	4.025069888888908
DILVPSFDPK	46.799238666666696	50.821514	4.022275333333305
VVIEACDELGIILAHTNLR	68.7168046666667	64.69716	4.019644666666707
LEIVEAAIR	36.9507026666667	40.952038	4.0013353333333015
QVPPDLFQPYIEEICQNLR	79.5702783333333	75.573364	3.996914333333308
NLPLPPPPPPR	33.601343333333304	37.59194	3.990596666666697
EYYDHLPELK	33.9774438888889	29.988676	3.9887678888888978
SYDSLPNFTAADCLR	49.099186111111095	53.08226	3.983073888888903
LEDIANAALAASAVTQVAK	56.51040522222221	60.4898	3.9793947777777916
LPGHAGSINEVAFHPDEPIIISASSDKR	42.861194111111104	46.839855	3.9786608888888964
TATCWSLDPDLTNILASSR	67.3897784444444	71.34338000000001	3.9536015555556077
VSLEEIYSGCTKK	32.471822555555605	28.519015999999997	3.9528065555556076
LASALAPSIYEHEDIKK	30.094077666666603	34.043873	3.9497953333333946
VVGAWDPTVSVEEVRPQITALVR	63.8008585555556	59.852154000000006	3.9487045555555937
SITPNEKQPEHLGLDQYIIK	39.7930786666666	43.714954	3.9218753333333964
QIPVLQTNNGPSLTGLTTIAAHLVK	73.919723	70.00579	3.913933
NLQNLLILTAIK	67.8448813333333	71.75664499999999	3.911763666666687
SADTLWDIQKDLKDL	66.0850798888889	62.176674	3.9084058888889004
GGPNIITLADIVKDPVSR	61.0545647777778	64.947845	3.8932802222222023
VACITEQVLTLVNKR	55.2867986666667	51.403015	3.8837836666666945
1QINAEEVVVGDLVEVK	50.76241	54.62375	3.8613399999999984
AAFNSGK	5.743777400000001	9.6019535	3.8581760999999997
GLCESVVEADLVEALEK	69.9072624444444	73.722916	3.815653555555599
LWLESPPGGAPPIFLPSDGQALVLGR	78.1357586666667	74.33284	3.8029186666666988
EVESQLPEKVEYVIK	39.52345	43.32398	3.800530000000002
VSHLLGINVTDFTR	49.3497003333333	45.565945	3.7837553333333034
NHLVEIPPNLPSSLVELR	59.7103088888889	63.48871	3.7784011111110942
IAILGFAFK	64.2365426666667	60.4613	3.775242666666692
FNLDLTHPVEDGIFDSGNFEQFLR	76.8172011111111	80.59124	3.774038888888896
TVGVEPAADGKGVVVVIK	41.2935095	37.541378	3.7521314999999973
VNDDIIVNWVNETLR	74.5797206666667	70.83444	3.7452806666667016
DAGEGLLAVQITDPEGKPK	42.6473713333333	46.3843	3.7369286666667065
DPPLAAVTTAVQELLR	89.47742244444441	85.74594	3.73148244444441
LLLFPFLSPQR	75.6027236666667	71.88062	3.7221036666667118
LAQTLGLEVLGDIPLHLNIR	77.67606944444441	73.99606999999999	3.6799994444444195
APDVVIGADTIVTVGGLILEKPVDK	76.6587868888889	72.980835	3.6779518888888987
SPELAAQPSTYLAVAEELADVSGK	76.76796999999998	73.10004	3.66792999999997
EQPFGEGVPLDGDDPEHIQWIFQK	64.7429405	61.082516000000005	3.6604244999999977
IVPNVLLEQGK	37.1557826666667	40.81458	3.658797333333297
KDPNQVELWGLK	37.0979173333333	40.75431	3.6563926666666973
TASNVEEAFINTAKEIYEK	64.22674677777779	60.571532999999995	3.6552137777777958
SNDPVATAFAEMLK	66.2443343333333	62.589656999999995	3.6546773333333036
LSLCFHPPGYSEQK	38.7579673333333	35.105472999999996	3.6524943333333013
TRLQQELDDLLVDLDHQR	69.10032566666669	65.457436	3.64288966666669
TDDYGRDLSSVQTLLTK	50.1320057777778	46.492992	3.639013777777798
LVFVHSAEGNEFWSALLEK	66.96296233333331	70.580635	3.6176726666666923
VADALTNAVAHVDD1PNALSALSDLHAHK	54.9000018888889	51.282455	3.617546888888903
ASITPGTILIILTGR	82.3885601666667	78.79145	3.5971101666666954
LHPVILASIVDSYER	55.897569111111096	59.48676999999999	3.5892008888888967
DSQLYAVDYETLTRPFSGR	57.2252315555556	53.641975	3.5832565555556
HVLDTLIQLAK	51.0876095	47.50785	3.5797595000000015
DLVTSLKDYIK	54.9206424444444	51.341057	3.5795854444443975
LNTNVDLYQSLQK	38.999877666666606	42.579105	3.5792273333333924
DPTAVIFGEDVAFGGVFR	75.7944575555556	72.21674	3.5777175555555942
TLTAVHDAILEDLVFPSEIVGKR	68.9524123333333	72.52679	3.574377666666706
DTSSVAVNLPVPSGVAFPAVFLR	80.0084926666667	76.44922	3.5592726666667005
IALLNVELELKAEK	52.58871455555561	56.140384999999995	3.551670444444383
LEILTNLANEANISTLLR	75.90322922222221	79.44941999999999	3.546190777777781
SQVEEELFSVR	42.1775502222222	45.72011	3.5425597777777966
FINPDWIALHTSR	46.7591776666667	50.29891	3.5397323333332977
HVLFPLK	28.5134137777778	32.042557	3.529143222222203
FGWDCHGLPVEYEIDKTLGIR	68.17567411111109	64.64676999999999	3.5289041111111032
SVDEVNYWDKQDHPISR	27.599555	31.126625	3.527070000000002
